id,start,end,label,category,region,certainty,uncertainty,source,link
homer-800bc,800 BC,701 BC,Homer,thought,EUROPE,approx,,"English Wikipedia, via rengel-de/5603464",
hesiod-750bc,750 BC,650 BC,Hesiod,thought,EUROPE,approx,,"English Wikipedia, via rengel-de/5603464",
thales-624bc,624 BC,546 BC,Thales,thought,MIDDLE_EAST,approx,,"English Wikipedia, via rengel-de/5603464",
anaximander-610bc,610 BC,546 BC,Anaximander,thought,MIDDLE_EAST,approx,,"English Wikipedia, via rengel-de/5603464",
anaximenes-585bc,585 BC,525 BC,Anaximenes,thought,MIDDLE_EAST,approx,,"English Wikipedia, via rengel-de/5603464",
pythagoras-582bc,582 BC,496 BC,Pythagoras,thought,EUROPE,approx,,"English Wikipedia, via rengel-de/5603464",
philolaus-470bc,470 BC,380 BC,Philolaus,thought,EUROPE,approx,,"English Wikipedia, via rengel-de/5603464",
archytas-428bc,428 BC,347 BC,Archytas,thought,EUROPE,approx,,"English Wikipedia, via rengel-de/5603464",
xenophanes-570bc,570 BC,470 BC,Xenophanes,thought,MIDDLE_EAST,approx,,"English Wikipedia, via rengel-de/5603464",
parmenides-510bc,510 BC,440 BC,Parmenides,thought,EUROPE,approx,,"English Wikipedia, via rengel-de/5603464",
heraclitus-535bc,535 BC,475 BC,Heraclitus,thought,MIDDLE_EAST,approx,,"English Wikipedia, via rengel-de/5603464",
empedocles-490bc,490 BC,430 BC,Empedocles,thought,EUROPE,approx,,"English Wikipedia, via rengel-de/5603464",
anaxagoras-500bc,500 BC,428 BC,Anaxagoras,thought,MIDDLE_EAST,approx,,"English Wikipedia, via rengel-de/5603464",
leucippus-480bc,480 BC,420 BC,Leucippus,thought,MIDDLE_EAST,approx,,"English Wikipedia, via rengel-de/5603464",
democritus-460bc,460 BC,370 BC,Democritus,thought,EUROPE,approx,,"English Wikipedia, via rengel-de/5603464",
protagoras-490bc,490 BC,420 BC,Protagoras,thought,EUROPE,approx,,"English Wikipedia, via rengel-de/5603464",
gorgias-487bc,487 BC,376 BC,Gorgias,thought,EUROPE,approx,,"English Wikipedia, via rengel-de/5603464",
theophrastus-371bc,371 BC,287 BC,Theophrastus,thought,EUROPE,approx,,"English Wikipedia, via rengel-de/5603464",
socrates-469bc,469 BC,399 BC,Socrates,thought,EUROPE,approx,,"English Wikipedia, via rengel-de/5603464",
euclid-of-megara-450bc,450 BC,380 BC,Euclid of Megara,thought,EUROPE,approx,,"English Wikipedia, via rengel-de/5603464",
antisthenes-445bc,445 BC,360 BC,Antisthenes,thought,EUROPE,approx,,"English Wikipedia, via rengel-de/5603464",
aristippus-435bc,435 BC,356 BC,Aristippus,thought,AFRICA,approx,,"English Wikipedia, via rengel-de/5603464",
plato-428bc,428 BC,347 BC,Plato,thought,EUROPE,approx,,"English Wikipedia, via rengel-de/5603464",
diogenes-of-sinope-405bc,405 BC,320 BC,Diogenes of Sinope,thought,MIDDLE_EAST,approx,,"English Wikipedia, via rengel-de/5603464",
xenocrates-396bc,396 BC,314 BC,Xenocrates,thought,MIDDLE_EAST,approx,,"English Wikipedia, via rengel-de/5603464",
aristotle-384bc,384 BC,322 BC,Aristotle,thought,EUROPE,approx,,"English Wikipedia, via rengel-de/5603464",
epicurus-341bc,341 BC,270 BC,Epicurus,thought,EUROPE,approx,,"English Wikipedia, via rengel-de/5603464",
archimedes-287bc,287 BC,212 BC,Archimedes,thought,EUROPE,approx,,"English Wikipedia, via rengel-de/5603464",
chrysippus-280bc,280 BC,207 BC,Chrysippus,thought,MIDDLE_EAST,approx,,"English Wikipedia, via rengel-de/5603464",
stilpo-360bc,360 BC,280 BC,Stilpo,thought,EUROPE,approx,,"English Wikipedia, via rengel-de/5603464",
zeno-of-citium-334bc,334 BC,262 BC,Zeno of Citium,thought,MIDDLE_EAST,approx,,"English Wikipedia, via rengel-de/5603464",
clitomachus-187bc,187 BC,109 BC,Clitomachus,thought,AFRICA,approx,,"English Wikipedia, via rengel-de/5603464",
cicero-106bc,106 BC,43 BC,Cicero,thought,EUROPE,approx,,"English Wikipedia, via rengel-de/5603464",
lucretius-94bc,94 BC,55 BC,Lucretius,thought,EUROPE,approx,,"English Wikipedia, via rengel-de/5603464",
seneca-4bc,4 BC,65,Seneca,thought,EUROPE,approx,,"English Wikipedia, via rengel-de/5603464",
musonius-rufus-30,30,100,Musonius Rufus,thought,EUROPE,year,,"English Wikipedia, via rengel-de/5603464",
plutarch-45,45,120,Plutarch,thought,EUROPE,year,,"English Wikipedia, via rengel-de/5603464",
epictetus-55,55,135,Epictetus,thought,MIDDLE_EAST,year,,"English Wikipedia, via rengel-de/5603464",
marcus-aurelius-121,121,180,Marcus Aurelius,thought,EUROPE,year,,"English Wikipedia, via rengel-de/5603464",
sextus-empiricus-160,160,210,Sextus Empiricus,thought,EUROPE,year,,"English Wikipedia, via rengel-de/5603464",
plotinus-205,205,270,Plotinus,thought,AFRICA,year,,"English Wikipedia, via rengel-de/5603464",
porphyry-232,232,304,Porphyry,thought,MIDDLE_EAST,year,,"English Wikipedia, via rengel-de/5603464",
hilarius-of-poitiers-315,315,367,Hilarius of Poitiers,thought,EUROPE,year,,"English Wikipedia, via rengel-de/5603464",
themistius-317,317,388,Themistius,thought,MIDDLE_EAST,year,,"English Wikipedia, via rengel-de/5603464",
proclus-411,411,485,Proclus,thought,EUROPE,year,,"English Wikipedia, via rengel-de/5603464",
damascius-462,462,540,Damascius,thought,MIDDLE_EAST,year,,"English Wikipedia, via rengel-de/5603464",
boethius-472,472,524,Boethius,thought,EUROPE,year,,"English Wikipedia, via rengel-de/5603464",
maimonides-1135,1135,1204,Maimonides,thought,EUROPE,year,,"English Wikipedia, via rengel-de/5603464",
bonaventura-1221,1221,1274,Bonaventura,thought,EUROPE,year,,"English Wikipedia, via rengel-de/5603464",
thomas-of-aquin-1225,1225,1274,Thomas of Aquin,thought,EUROPE,year,,"English Wikipedia, via rengel-de/5603464",
rymundus-lullus-1235,1235,1315,Rymundus Lullus,thought,EUROPE,year,,"English Wikipedia, via rengel-de/5603464",
albertus-magnus-1193,1193,1280,Albertus Magnus,thought,EUROPE,year,,"English Wikipedia, via rengel-de/5603464",
dante-1265,1265,1321,Dante,thought,EUROPE,year,,"English Wikipedia, via rengel-de/5603464",
duns-scotus-1266,1266,1308,Duns Scotus,thought,EUROPE,year,,"English Wikipedia, via rengel-de/5603464",
occam-1287,1287,1347,Occam,thought,EUROPE,year,,"English Wikipedia, via rengel-de/5603464",
trapezuntius-1396,1396,1484,Trapezuntius,thought,EUROPE,year,,"English Wikipedia, via rengel-de/5603464",
cusanus-1401,1401,1464,Cusanus,thought,EUROPE,year,,"English Wikipedia, via rengel-de/5603464",
agricola-1443,1443,1485,Agricola,thought,EUROPE,year,,"English Wikipedia, via rengel-de/5603464",
erasmus-1467,1467,1536,Erasmus,thought,EUROPE,year,,"English Wikipedia, via rengel-de/5603464",
machiavelli-1469,1469,1527,Machiavelli,thought,EUROPE,year,,"English Wikipedia, via rengel-de/5603464",
morus-1478,1478,1535,Morus,thought,EUROPE,year,,"English Wikipedia, via rengel-de/5603464",
kopernikus-1473,1473,1543,Kopernikus,thought,EUROPE,year,,"English Wikipedia, via rengel-de/5603464",
agrippa-1486,1486,1535,Agrippa,thought,EUROPE,year,,"English Wikipedia, via rengel-de/5603464",
paracelsus-1493,1493,1541,Paracelsus,thought,EUROPE,year,,"English Wikipedia, via rengel-de/5603464",
scaliger-1540,1540,1609,Scaliger,thought,EUROPE,year,,"English Wikipedia, via rengel-de/5603464",
brahe-1546,1546,1601,Brahe,thought,EUROPE,year,,"English Wikipedia, via rengel-de/5603464",
bacon-1560,1560,1626,Bacon,thought,EUROPE,year,,"English Wikipedia, via rengel-de/5603464",
galilei-1564,1564,1642,Galilei,thought,EUROPE,year,,"English Wikipedia, via rengel-de/5603464",
hobbes-1588,1588,1679,Hobbes,thought,EUROPE,year,,"English Wikipedia, via rengel-de/5603464",
descartes-1596,1596,1659,Descartes,thought,EUROPE,year,,"English Wikipedia, via rengel-de/5603464",
pascal-1623,1623,1662,Pascal,thought,EUROPE,year,,"English Wikipedia, via rengel-de/5603464",
spinoza-1632,1632,1677,Spinoza,thought,EUROPE,year,,"English Wikipedia, via rengel-de/5603464",
leibniz-1646,1646,1716,Leibniz,thought,EUROPE,year,,"English Wikipedia, via rengel-de/5603464",
berkeley-1685,1685,1735,Berkeley,thought,EUROPE,year,,"English Wikipedia, via rengel-de/5603464",
hume-1711,1711,1776,Hume,thought,EUROPE,year,,"English Wikipedia, via rengel-de/5603464",
kant-1724,1724,1804,Kant,thought,EUROPE,year,,"English Wikipedia, via rengel-de/5603464",
jacobi-1743,1743,1819,Jacobi,thought,EUROPE,year,,"English Wikipedia, via rengel-de/5603464",
bentham-1748,1748,1832,Bentham,thought,EUROPE,year,,"English Wikipedia, via rengel-de/5603464",
hegel-1770,1770,1831,Hegel,thought,EUROPE,year,,"English Wikipedia, via rengel-de/5603464",
schelling-1775,1775,1854,Schelling,thought,EUROPE,year,,"English Wikipedia, via rengel-de/5603464",
fichte-1762,1762,1814,Fichte,thought,EUROPE,year,,"English Wikipedia, via rengel-de/5603464",
schopenhauer-1788,1788,1860,Schopenhauer,thought,EUROPE,year,,"English Wikipedia, via rengel-de/5603464",
marx-1818,1818,1883,Marx,thought,EUROPE,year,,"English Wikipedia, via rengel-de/5603464",
d-hring-1833,1833,1921,Dühring,thought,EUROPE,year,,"English Wikipedia, via rengel-de/5603464",
dilthey-1833,1833,1911,Dilthey,thought,EUROPE,year,,"English Wikipedia, via rengel-de/5603464",
nietzsche-1844,1844,1900,Nietzsche,thought,EUROPE,year,,"English Wikipedia, via rengel-de/5603464",
frege-1848,1848,1925,Frege,thought,EUROPE,year,,"English Wikipedia, via rengel-de/5603464",
dewey-1859,1859,1952,Dewey,thought,AMERICAS,year,,"English Wikipedia, via rengel-de/5603464",
bergson-1859,1859,1941,Bergson,thought,EUROPE,year,,"English Wikipedia, via rengel-de/5603464",
russell-1872,1872,1970,Russell,thought,EUROPE,year,,"English Wikipedia, via rengel-de/5603464",
moore-1873,1873,1958,Moore,thought,EUROPE,year,,"English Wikipedia, via rengel-de/5603464",
scheler-1874,1874,1928,Scheler,thought,EUROPE,year,,"English Wikipedia, via rengel-de/5603464",
schlick-1882,1882,1936,Schlick,thought,EUROPE,year,,"English Wikipedia, via rengel-de/5603464",
bloch-1885,1885,1977,Bloch,thought,EUROPE,year,,"English Wikipedia, via rengel-de/5603464",
wittgenstein-1889,1889,1951,Wittgenstein,thought,EUROPE,year,,"English Wikipedia, via rengel-de/5603464",
ajdukiewicz-1890,1890,1963,Ajdukiewicz,thought,EUROPE,year,,"English Wikipedia, via rengel-de/5603464",
ryle-1900,1900,1976,Ryle,thought,EUROPE,year,,"English Wikipedia, via rengel-de/5603464",
bochenski-1902,1902,1995,Bochenski,thought,EUROPE,year,,"English Wikipedia, via rengel-de/5603464",
popper-1902,1902,1994,Popper,thought,EUROPE,year,,"English Wikipedia, via rengel-de/5603464",
jonas-1903,1903,1993,Jonas,thought,AMERICAS,year,,"English Wikipedia, via rengel-de/5603464",
adorno-1903,1903,1969,Adorno,thought,EUROPE,year,,"English Wikipedia, via rengel-de/5603464",
quine-1908,1908,2000,Quine,thought,AMERICAS,year,,"English Wikipedia, via rengel-de/5603464",
ayer-1910,1910,1989,Ayer,thought,EUROPE,year,,"English Wikipedia, via rengel-de/5603464",
austin-1911,1911,1960,Austin,thought,EUROPE,year,,"English Wikipedia, via rengel-de/5603464",
rawls-1921,1921,2002,Rawls,thought,AMERICAS,year,,"English Wikipedia, via rengel-de/5603464",
stegm-ller-1923,1923,1991,Stegmüller,thought,EUROPE,year,,"English Wikipedia, via rengel-de/5603464",
rorty-19311004,1931-10-04,2007-06-08,Rorty,thought,AMERICAS,exact,,"English Wikipedia, via rengel-de/5603464",
iliad-760bc,760 BC,,Iliad,thought,EUROPE,approx,,"English Wikipedia, via rengel-de/5603464",
odyssey-740bc,740 BC,,Odyssey,thought,EUROPE,approx,,"English Wikipedia, via rengel-de/5603464",
theogony-700bc,700 BC,,Theogony,thought,EUROPE,approx,,"English Wikipedia, via rengel-de/5603464",
critique-of-pure-reason-1781,1781,,Critique of Pure Reason,thought,EUROPE,year,,"English Wikipedia, via rengel-de/5603464",
the-world-as-will-and-representation-1818,1818,,The World as Will and Representation,thought,EUROPE,year,,"English Wikipedia, via rengel-de/5603464",
a-treatise-of-human-nature-1739,1739,,A Treatise of Human Nature,thought,EUROPE,year,,"English Wikipedia, via rengel-de/5603464",
an-enquiry-concerning-human-understanding-1748,1748,,An Enquiry Concerning Human Understanding,thought,EUROPE,year,,"English Wikipedia, via rengel-de/5603464",
the-phenomenology-of-spirit-1807,1807,,The Phenomenology of Spirit,thought,EUROPE,year,,"English Wikipedia, via rengel-de/5603464",
the-prince-1532,1532,,The Prince,thought,EUROPE,year,,"English Wikipedia, via rengel-de/5603464",
the-republic-380bc,380 BC,,The Republic,thought,EUROPE,approx,,"English Wikipedia, via rengel-de/5603464",
leviathan-1651,1651,,Leviathan,thought,EUROPE,year,,"English Wikipedia, via rengel-de/5603464",
a-treatise-concerning-the-principles-of-human-knowledge-1710,1710,,A Treatise Concerning the Principles of Human Knowledge,thought,EUROPE,year,,"English Wikipedia, via rengel-de/5603464",
discourse-on-the-method-1637,1637,,Discourse on the Method,thought,EUROPE,year,,"English Wikipedia, via rengel-de/5603464",
thus-spoke-zarathustra-1883,1883,,Thus Spoke Zarathustra,thought,EUROPE,year,,"English Wikipedia, via rengel-de/5603464",
shiji-completed,91 BC,,Sima Qian completes the Shiji,thought,ASIA_EAST,approx,5,Book of Han; Shiji,https://en.wikipedia.org/wiki/Shiji
earliest-maya-writing,100 BC,,San Bartolo murals and early Maya writing,thought,AMERICAS,contested,100,San Bartolo excavations,https://en.wikipedia.org/wiki/San_Bartolo_(Maya_site)
communist-manifesto,1848-02,,The Communist Manifesto published,thought,EUROPE,year,,Primary text,https://en.wikipedia.org/wiki/The_Communist_Manifesto
